region,variable,target_period,release_label,published_on,value_native,unit_native,value_qq,source,retrieved_at,source_file
US,rgdp_growth,2011Q3,advance,2011-10-27,2.46370669918625,saar_pct,0.6103,gdpnow_trackrecord(BEA),2026-07-06T11:16:55+00:00,gdpnow_tracking.xlsx
US,rgdp_growth,2011Q4,advance,2012-01-27,2.75231365508761,saar_pct,0.6811,gdpnow_trackrecord(BEA),2026-07-06T11:16:55+00:00,gdpnow_tracking.xlsx
US,rgdp_growth,2012Q1,advance,2012-04-27,2.20430347798211,saar_pct,0.5466,gdpnow_trackrecord(BEA),2026-07-06T11:16:55+00:00,gdpnow_tracking.xlsx
US,rgdp_growth,2012Q2,advance,2012-07-27,1.53694407586329,saar_pct,0.382,gdpnow_trackrecord(BEA),2026-07-06T11:16:55+00:00,gdpnow_tracking.xlsx
US,rgdp_growth,2012Q3,advance,2012-10-26,2.01377640147979,saar_pct,0.4997,gdpnow_trackrecord(BEA),2026-07-06T11:16:55+00:00,gdpnow_tracking.xlsx
US,rgdp_growth,2012Q4,advance,2013-01-30,-0.143486179168539,saar_pct,-0.0359,gdpnow_trackrecord(BEA),2026-07-06T11:16:55+00:00,gdpnow_tracking.xlsx
US,rgdp_growth,2013Q1,advance,2013-04-26,2.50239969731696,saar_pct,0.6198,gdpnow_trackrecord(BEA),2026-07-06T11:16:55+00:00,gdpnow_tracking.xlsx
US,rgdp_growth,2013Q2,advance,2013-07-31,1.67365787858027,saar_pct,0.4158,gdpnow_trackrecord(BEA),2026-07-06T11:16:55+00:00,gdpnow_tracking.xlsx
US,rgdp_growth,2013Q3,advance,2013-11-07,2.84626527816161,saar_pct,0.7041,gdpnow_trackrecord(BEA),2026-07-06T11:16:55+00:00,gdpnow_tracking.xlsx
US,rgdp_growth,2013Q4,advance,2014-01-30,3.22788734067319,saar_pct,0.7974,gdpnow_trackrecord(BEA),2026-07-06T11:16:55+00:00,gdpnow_tracking.xlsx
US,rgdp_growth,2014Q1,advance,2014-04-30,0.107933,saar_pct,0.027,gdpnow_trackrecord(BEA),2026-07-06T11:16:55+00:00,gdpnow_tracking.xlsx
US,rgdp_growth,2014Q2,advance,2014-07-30,3.950188,saar_pct,0.9732,gdpnow_trackrecord(BEA),2026-07-06T11:16:55+00:00,gdpnow_tracking.xlsx
US,rgdp_growth,2014Q3,advance,2014-10-30,3.549231,saar_pct,0.8757,gdpnow_trackrecord(BEA),2026-07-06T11:16:55+00:00,gdpnow_tracking.xlsx
US,rgdp_growth,2014Q4,advance,2015-01-30,2.641736,saar_pct,0.654,gdpnow_trackrecord(BEA),2026-07-06T11:16:55+00:00,gdpnow_tracking.xlsx
US,rgdp_growth,2015Q1,advance,2015-04-29,0.247549,saar_pct,0.0618,gdpnow_trackrecord(BEA),2026-07-06T11:16:55+00:00,gdpnow_tracking.xlsx
US,rgdp_growth,2015Q2,advance,2015-07-30,2.322465,saar_pct,0.5756,gdpnow_trackrecord(BEA),2026-07-06T11:16:55+00:00,gdpnow_tracking.xlsx
US,rgdp_growth,2015Q3,advance,2015-10-29,1.493381,saar_pct,0.3713,gdpnow_trackrecord(BEA),2026-07-06T11:16:55+00:00,gdpnow_tracking.xlsx
US,rgdp_growth,2015Q4,advance,2016-01-29,0.691441,saar_pct,0.1724,gdpnow_trackrecord(BEA),2026-07-06T11:16:55+00:00,gdpnow_tracking.xlsx
US,rgdp_growth,2016Q1,advance,2016-04-28,0.537795,saar_pct,0.1342,gdpnow_trackrecord(BEA),2026-07-06T11:16:55+00:00,gdpnow_tracking.xlsx
US,rgdp_growth,2016Q2,advance,2016-07-28,1.217502,saar_pct,0.303,gdpnow_trackrecord(BEA),2026-07-06T11:16:55+00:00,gdpnow_tracking.xlsx
US,rgdp_growth,2016Q3,advance,2016-10-28,2.900812,saar_pct,0.7174,gdpnow_trackrecord(BEA),2026-07-06T11:16:55+00:00,gdpnow_tracking.xlsx
US,rgdp_growth,2016Q4,advance,2017-01-27,1.873485,saar_pct,0.4651,gdpnow_trackrecord(BEA),2026-07-06T11:16:55+00:00,gdpnow_tracking.xlsx
US,rgdp_growth,2017Q1,advance,2017-04-28,0.692529,saar_pct,0.1727,gdpnow_trackrecord(BEA),2026-07-06T11:16:55+00:00,gdpnow_tracking.xlsx
US,rgdp_growth,2017Q2,advance,2017-07-28,2.56771,saar_pct,0.6358,gdpnow_trackrecord(BEA),2026-07-06T11:16:55+00:00,gdpnow_tracking.xlsx
US,rgdp_growth,2017Q3,advance,2017-10-27,2.98896,saar_pct,0.739,gdpnow_trackrecord(BEA),2026-07-06T11:16:55+00:00,gdpnow_tracking.xlsx
US,rgdp_growth,2017Q4,advance,2018-01-26,2.555015,saar_pct,0.6327,gdpnow_trackrecord(BEA),2026-07-06T11:16:55+00:00,gdpnow_tracking.xlsx
US,rgdp_growth,2018Q1,advance,2018-04-27,2.318422,saar_pct,0.5746,gdpnow_trackrecord(BEA),2026-07-06T11:16:55+00:00,gdpnow_tracking.xlsx
US,rgdp_growth,2018Q2,advance,2018-07-27,4.060342,saar_pct,1,gdpnow_trackrecord(BEA),2026-07-06T11:16:55+00:00,gdpnow_tracking.xlsx
US,rgdp_growth,2018Q3,advance,2018-10-26,3.500627,saar_pct,0.8639,gdpnow_trackrecord(BEA),2026-07-06T11:16:55+00:00,gdpnow_tracking.xlsx
US,rgdp_growth,2018Q4,advance,2019-02-28,2.589119,saar_pct,0.6411,gdpnow_trackrecord(BEA),2026-07-06T11:16:55+00:00,gdpnow_tracking.xlsx
US,rgdp_growth,2019Q1,advance,2019-04-26,3.17199,saar_pct,0.7837,gdpnow_trackrecord(BEA),2026-07-06T11:16:55+00:00,gdpnow_tracking.xlsx
US,rgdp_growth,2019Q2,advance,2019-07-26,2.055871,saar_pct,0.5101,gdpnow_trackrecord(BEA),2026-07-06T11:16:55+00:00,gdpnow_tracking.xlsx
US,rgdp_growth,2019Q3,advance,2019-10-30,1.918827,saar_pct,0.4763,gdpnow_trackrecord(BEA),2026-07-06T11:16:55+00:00,gdpnow_tracking.xlsx
US,rgdp_growth,2019Q4,advance,2020-01-30,2.080777,saar_pct,0.5162,gdpnow_trackrecord(BEA),2026-07-06T11:16:55+00:00,gdpnow_tracking.xlsx
US,rgdp_growth,2020Q1,advance,2020-04-29,-4.783229,saar_pct,-1.2179,gdpnow_trackrecord(BEA),2026-07-06T11:16:55+00:00,gdpnow_tracking.xlsx
US,rgdp_growth,2020Q2,advance,2020-07-30,-32.903802,saar_pct,-9.4946,gdpnow_trackrecord(BEA),2026-07-06T11:16:55+00:00,gdpnow_tracking.xlsx
US,rgdp_growth,2020Q3,advance,2020-10-30,33.0826240673303,saar_pct,7.4064,gdpnow_trackrecord(BEA),2026-07-06T11:16:55+00:00,gdpnow_tracking.xlsx
US,rgdp_growth,2020Q4,advance,2021-01-28,4.01243,saar_pct,0.9884,gdpnow_trackrecord(BEA),2026-07-06T11:16:55+00:00,gdpnow_tracking.xlsx
US,rgdp_growth,2021Q1,advance,2021-04-29,6.387705,saar_pct,1.56,gdpnow_trackrecord(BEA),2026-07-06T11:16:55+00:00,gdpnow_tracking.xlsx
US,rgdp_growth,2021Q2,advance,2021-07-29,6.503091,saar_pct,1.5876,gdpnow_trackrecord(BEA),2026-07-06T11:16:55+00:00,gdpnow_tracking.xlsx
US,rgdp_growth,2021Q3,advance,2021-10-28,2.01596,saar_pct,0.5002,gdpnow_trackrecord(BEA),2026-07-06T11:16:55+00:00,gdpnow_tracking.xlsx
US,rgdp_growth,2021Q4,advance,2022-01-27,6.88744,saar_pct,1.6791,gdpnow_trackrecord(BEA),2026-07-06T11:16:55+00:00,gdpnow_tracking.xlsx
US,rgdp_growth,2022Q1,advance,2022-04-28,-1.41411,saar_pct,-0.3554,gdpnow_trackrecord(BEA),2026-07-06T11:16:55+00:00,gdpnow_tracking.xlsx
US,rgdp_growth,2022Q2,advance,2022-07-28,-0.93418,saar_pct,-0.2344,gdpnow_trackrecord(BEA),2026-07-06T11:16:55+00:00,gdpnow_tracking.xlsx
US,rgdp_growth,2022Q3,advance,2022-10-27,2.56665,saar_pct,0.6356,gdpnow_trackrecord(BEA),2026-07-06T11:16:55+00:00,gdpnow_tracking.xlsx
US,rgdp_growth,2022Q4,advance,2023-01-26,2.89158,saar_pct,0.7152,gdpnow_trackrecord(BEA),2026-07-06T11:16:55+00:00,gdpnow_tracking.xlsx
US,rgdp_growth,2023Q1,advance,2023-04-27,1.06229,saar_pct,0.2645,gdpnow_trackrecord(BEA),2026-07-06T11:16:55+00:00,gdpnow_tracking.xlsx
US,rgdp_growth,2023Q2,advance,2023-07-27,2.41429,saar_pct,0.5982,gdpnow_trackrecord(BEA),2026-07-06T11:16:55+00:00,gdpnow_tracking.xlsx
US,rgdp_growth,2023Q3,advance,2023-10-26,4.87801,saar_pct,1.1978,gdpnow_trackrecord(BEA),2026-07-06T11:16:55+00:00,gdpnow_tracking.xlsx
US,rgdp_growth,2023Q4,advance,2024-01-25,3.280041,saar_pct,0.8101,gdpnow_trackrecord(BEA),2026-07-06T11:16:55+00:00,gdpnow_tracking.xlsx
US,rgdp_growth,2024Q1,advance,2024-04-25,1.58969,saar_pct,0.3951,gdpnow_trackrecord(BEA),2026-07-06T11:16:55+00:00,gdpnow_tracking.xlsx
US,rgdp_growth,2024Q2,advance,2024-07-25,2.840098,saar_pct,0.7026,gdpnow_trackrecord(BEA),2026-07-06T11:16:55+00:00,gdpnow_tracking.xlsx
US,rgdp_growth,2024Q3,advance,2024-09-30,2.824836,saar_pct,0.6988,gdpnow_trackrecord(BEA),2026-07-06T11:16:55+00:00,gdpnow_tracking.xlsx
US,rgdp_growth,2024Q4,advance,2025-01-30,2.25121,saar_pct,0.5581,gdpnow_trackrecord(BEA),2026-07-06T11:16:55+00:00,gdpnow_tracking.xlsx
US,rgdp_growth,2025Q1,advance,2025-04-30,-0.27605,saar_pct,-0.0691,gdpnow_trackrecord(BEA),2026-07-06T11:16:55+00:00,gdpnow_tracking.xlsx
US,rgdp_growth,2025Q2,advance,2025-07-30,2.968252,saar_pct,0.7339,gdpnow_trackrecord(BEA),2026-07-06T11:16:55+00:00,gdpnow_tracking.xlsx
US,rgdp_growth,2025Q3,advance,2025-12-23,4.34278443849256,saar_pct,1.0685,gdpnow_trackrecord(BEA),2026-07-06T11:16:55+00:00,gdpnow_tracking.xlsx
US,rgdp_growth,2025Q4,advance,2026-02-20,1.422613,saar_pct,0.3538,gdpnow_trackrecord(BEA),2026-07-06T11:16:55+00:00,gdpnow_tracking.xlsx
US,rgdp_growth,2026Q1,advance,2026-04-30,1.9901,saar_pct,0.4939,gdpnow_trackrecord(BEA),2026-07-06T11:16:55+00:00,gdpnow_tracking.xlsx
