observation_date,INDPRO,PAYEMS,RSAFS,UNRATE,DGORDER
1919-01-01,4.8739,,,,
1919-02-01,4.6585,,,,
1919-03-01,4.5238,,,,
1919-04-01,4.6046,,,,
1919-05-01,4.6315,,,,
1919-06-01,4.9277,,,,
1919-07-01,5.2239,,,,
1919-08-01,5.3047,,,,
1919-09-01,5.1970,,,,
1919-10-01,5.1432,,,,
1919-11-01,5.0624,,,,
1919-12-01,5.1432,,,,
1920-01-01,5.6279,,,,
1920-02-01,5.6279,,,,
1920-03-01,5.5201,,,,
1920-04-01,5.2239,,,,
1920-05-01,5.3586,,,,
1920-06-01,5.4124,,,,
1920-07-01,5.2778,,,,
1920-08-01,5.3047,,,,
1920-09-01,5.1162,,,,
1920-10-01,4.9008,,,,
1920-11-01,4.4969,,,,
1920-12-01,4.2276,,,,
1921-01-01,3.9853,,,,
1921-02-01,3.9045,,,,
1921-03-01,3.7968,,,,
1921-04-01,3.7968,,,,
1921-05-01,3.9045,,,,
1921-06-01,3.8776,,,,
1921-07-01,3.8506,,,,
1921-08-01,3.9853,,,,
1921-09-01,4.0122,,,,
1921-10-01,4.2545,,,,
1921-11-01,4.2007,,,,
1921-12-01,4.1738,,,,
1922-01-01,4.3353,,,,
1922-02-01,4.5238,,,,
1922-03-01,4.7662,,,,
1922-04-01,4.6046,,,,
1922-05-01,4.8470,,,,
1922-06-01,5.0893,,,,
1922-07-01,5.0893,,,,
1922-08-01,4.9816,,,,
1922-09-01,5.2509,,,,
1922-10-01,5.5471,,,,
1922-11-01,5.7894,,,,
1922-12-01,5.9510,,,,
1923-01-01,5.8163,,,,
1923-02-01,5.8971,,,,
1923-03-01,6.0856,,,,
1923-04-01,6.2203,,,,
1923-05-01,6.3010,,,,
1923-06-01,6.2472,,,,
1923-07-01,6.1933,,,,
1923-08-01,6.0856,,,,
1923-09-01,5.9510,,,,
1923-10-01,5.9241,,,,
1923-11-01,5.9241,,,,
1923-12-01,5.7894,,,,
1924-01-01,5.9240,,,,
1924-02-01,6.0318,,,,
1924-03-01,5.9241,,,,
1924-04-01,5.7356,,,,
1924-05-01,5.4932,,,,
1924-06-01,5.2509,,,,
1924-07-01,5.1701,,,,
1924-08-01,5.3586,,,,
1924-09-01,5.5471,,,,
1924-10-01,5.6817,,,,
1924-11-01,5.7894,,,,
1924-12-01,5.9510,,,,
1925-01-01,6.1395,,,,
1925-02-01,6.1395,,,,
1925-03-01,6.1395,,,,
1925-04-01,6.1933,,,,
1925-05-01,6.1664,,,,
1925-06-01,6.1125,,,,
1925-07-01,6.2741,,,,
1925-08-01,6.1664,,,,
1925-09-01,6.0856,,,,
1925-10-01,6.3280,,,,
1925-11-01,6.4626,,,,
1925-12-01,6.5434,,,,
1926-01-01,6.4357,,,,
1926-02-01,6.4357,,,,
1926-03-01,6.5165,,,,
1926-04-01,6.5165,,,,
1926-05-01,6.4626,,,,
1926-06-01,6.5434,,,,
1926-07-01,6.5703,,,,
1926-08-01,6.6511,,,,
1926-09-01,6.7588,,,,
1926-10-01,6.7588,,,,
1926-11-01,6.7319,,,,
1926-12-01,6.7050,,,,
1927-01-01,6.6780,,,,
1927-02-01,6.7319,,,,
1927-03-01,6.8127,,,,
1927-04-01,6.6511,,,,
1927-05-01,6.7050,,,,
1927-06-01,6.6780,,,,
1927-07-01,6.5972,,,,
1927-08-01,6.5972,,,,
1927-09-01,6.4895,,,,
1927-10-01,6.3549,,,,
1927-11-01,6.3549,,,,
1927-12-01,6.3818,,,,
1928-01-01,6.5165,,,,
1928-02-01,6.5703,,,,
1928-03-01,6.6242,,,,
1928-04-01,6.5972,,,,
1928-05-01,6.6780,,,,
1928-06-01,6.7319,,,,
1928-07-01,6.8127,,,,
1928-08-01,6.9473,,,,
1928-09-01,7.0012,,,,
1928-10-01,7.1358,,,,
1928-11-01,7.2704,,,,
1928-12-01,7.4051,,,,
1929-01-01,7.5128,,,,
1929-02-01,7.4858,,,,
1929-03-01,7.5128,,,,
1929-04-01,7.6474,,,,
1929-05-01,7.7821,,,,
1929-06-01,7.8359,,,,
1929-07-01,7.9436,,,,
1929-08-01,7.8628,,,,
1929-09-01,7.8090,,,,
1929-10-01,7.6743,,,,
1929-11-01,7.2974,,,,
1929-12-01,6.9742,,,,
1930-01-01,6.9742,,,,
1930-02-01,6.9473,,,,
1930-03-01,6.8396,,,,
1930-04-01,6.7857,,,,
1930-05-01,6.6780,,,,
1930-06-01,6.4895,,,,
1930-07-01,6.1933,,,,
1930-08-01,6.0587,,,,
1930-09-01,5.9510,,,,
1930-10-01,5.7894,,,,
1930-11-01,5.6548,,,,
1930-12-01,5.5201,,,,
1931-01-01,5.4932,,,,
1931-02-01,5.5201,,,,
1931-03-01,5.6279,,,,
1931-04-01,5.6548,,,,
1931-05-01,5.5740,,,,
1931-06-01,5.4394,,,,
1931-07-01,5.3586,,,,
1931-08-01,5.1701,,,,
1931-09-01,4.9277,,,,
1931-10-01,4.7392,,,,
1931-11-01,4.6854,,,,
1931-12-01,4.6585,,,,
1932-01-01,4.5238,,,,
1932-02-01,4.4161,,,,
1932-03-01,4.3623,,,,
1932-04-01,4.0661,,,,
1932-05-01,3.9314,,,,
1932-06-01,3.7968,,,,
1932-07-01,3.6891,,,,
1932-08-01,3.7968,,,,
1932-09-01,4.0391,,,,
1932-10-01,4.1738,,,,
1932-11-01,4.1738,,,,
1932-12-01,4.0930,,,,
1933-01-01,4.0122,,,,
1933-02-01,4.0391,,,,
1933-03-01,3.7968,,,,
1933-04-01,4.0661,,,,
1933-05-01,4.7392,,,,
1933-06-01,5.4663,,,,
1933-07-01,5.9779,,,,
1933-08-01,5.7356,,,,
1933-09-01,5.4124,,,,
1933-10-01,5.1432,,,,
1933-11-01,4.8470,,,,
1933-12-01,4.8739,,,,
1934-01-01,5.0354,,,,
1934-02-01,5.2778,,,,
1934-03-01,5.5201,,,,
1934-04-01,5.5201,,,,
1934-05-01,5.6278,,,,
1934-06-01,5.5201,,,,
1934-07-01,5.1432,,,,
1934-08-01,5.0893,,,,
1934-09-01,4.7931,,,,
1934-10-01,5.0085,,,,
1934-11-01,5.0624,,,,
1934-12-01,5.3855,,,,
1935-01-01,5.8163,,,,
1935-02-01,5.9241,,,,
1935-03-01,5.8971,,,,
1935-04-01,5.7894,,,,
1935-05-01,5.7894,,,,
1935-06-01,5.8702,,,,
1935-07-01,5.8702,,,,
1935-08-01,6.0856,,,,
1935-09-01,6.2472,,,,
1935-10-01,6.4357,,,,
1935-11-01,6.5703,,,,
1935-12-01,6.6511,,,,
1936-01-01,6.5434,,,,
1936-02-01,6.3818,,,,
1936-03-01,6.4626,,,,
1936-04-01,6.8665,,,,
1936-05-01,7.0012,,,,
1936-06-01,7.1358,,,,
1936-07-01,7.2704,,,,
1936-08-01,7.3781,,,,
1936-09-01,7.5128,,,,
1936-10-01,7.6205,,,,
1936-11-01,7.8359,,,,
1936-12-01,8.0783,,,,
1937-01-01,8.0513,,,,
1937-02-01,8.1590,,,,
1937-03-01,8.3475,,,,
1937-04-01,8.3475,,,,
1937-05-01,8.3745,,,,
1937-06-01,8.2667,,,,
1937-07-01,8.3206,,,,
1937-08-01,8.2667,,,,
1937-09-01,7.9975,,,,
1937-10-01,7.4051,,,,
1937-11-01,6.6780,,,,
1937-12-01,6.0856,,,,
1938-01-01,5.9510,,,,
1938-02-01,5.8971,,,,
1938-03-01,5.8971,,,,
1938-04-01,5.7894,,,,
1938-05-01,5.6548,,,,
1938-06-01,5.7086,,,,
1938-07-01,6.0318,,,,
1938-08-01,6.3549,,,,
1938-09-01,6.5434,,,,
1938-10-01,6.7050,,,,
1938-11-01,6.9742,,,,
1938-12-01,7.0550,,,,
1939-01-01,7.0550,29923,,,
1939-02-01,7.1089,30100,,,
1939-03-01,7.1358,30280,,,
1939-04-01,7.1089,30094,,,
1939-05-01,7.0819,30299,,,
1939-06-01,7.2435,30502,,,
1939-07-01,7.4589,30419,,,
1939-08-01,7.5666,30663,,,
1939-09-01,8.0244,31031,,,
1939-10-01,8.4283,31411,,,
1939-11-01,8.6437,31470,,,
1939-12-01,8.6437,31542,,,
1940-01-01,8.5360,31603,,,
1940-02-01,8.2667,31715,,,
1940-03-01,8.0783,31825,,,
1940-04-01,8.2398,31701,,,
1940-05-01,8.4822,31879,,,
1940-06-01,8.7514,31977,,,
1940-07-01,8.8592,31942,,,
1940-08-01,8.9130,32352,,,
1940-09-01,9.1015,32810,,,
1940-10-01,9.2361,33267,,,
1940-11-01,9.4516,33669,,,
1940-12-01,9.7747,34174,,,
1941-01-01,10.0170,34481,,,
1941-02-01,10.3132,34843,,,
1941-03-01,10.6364,35092,,,
1941-04-01,10.6633,35468,,,
1941-05-01,11.1480,36182,,,
1941-06-01,11.2288,36650,,,
1941-07-01,11.3634,37137,,,
1941-08-01,11.4981,37544,,,
1941-09-01,11.4981,37835,,,
1941-10-01,11.6058,37949,,,
1941-11-01,11.6596,38024,,,
1941-12-01,11.8481,38104,,,
1942-01-01,12.0905,38347,,,
1942-02-01,12.3059,38512,,,
1942-03-01,12.4405,38935,,,
1942-04-01,12.0905,39352,,,
1942-05-01,12.1174,39771,,,
1942-06-01,12.1443,40029,,,
1942-07-01,12.4405,40472,,,
1942-08-01,12.8175,40988,,,
1942-09-01,13.1137,41259,,,
1942-10-01,13.5445,41515,,,
1942-11-01,13.8677,41674,,,
1942-12-01,14.1908,41915,,,
1943-01-01,14.3255,42172,,,
1943-02-01,14.7024,42393,,,
1943-03-01,14.8102,42552,,,
1943-04-01,14.9986,42647,,,
1943-05-01,15.1063,42596,,,
1943-06-01,15.0256,42781,,,
1943-07-01,15.4833,42700,,,
1943-08-01,15.8064,42546,,,
1943-09-01,16.2104,42492,,,
1943-10-01,16.4527,42675,,,
1943-11-01,16.6681,42821,,,
1943-12-01,16.4527,42746,,,
1944-01-01,16.6412,42654,,,
1944-02-01,16.7758,42538,,,
1944-03-01,16.7489,42294,,,
1944-04-01,16.7489,42063,,,
1944-05-01,16.6412,41985,,,
1944-06-01,16.5874,41947,,,
1944-07-01,16.5604,41904,,,
1944-08-01,16.7758,41850,,,
1944-09-01,16.6681,41679,,,
1944-10-01,16.7220,41708,,,
1944-11-01,16.5873,41711,,,
1944-12-01,16.5335,41860,,,
1945-01-01,16.3719,41895,,,
1945-02-01,16.3181,41897,,,
1945-03-01,16.2104,41798,,,
1945-04-01,15.9142,41446,,,
1945-05-01,15.4833,41304,,,
1945-06-01,15.1333,41149,,,
1945-07-01,14.7832,40874,,,
1945-08-01,13.2483,40466,,,
1945-09-01,12.0635,38507,,,
1945-10-01,11.5788,38600,,,
1945-11-01,12.0097,38996,,,
1945-12-01,12.0635,39110,,,
1946-01-01,11.3903,39829,,,
1946-02-01,10.8249,39244,,,
1946-03-01,11.9558,40195,,,
1946-04-01,11.7404,40913,,,
1946-05-01,11.3096,41349,,,
1946-06-01,12.0097,41735,,,
1946-07-01,12.4136,42153,,,
1946-08-01,12.8714,42642,,,
1946-09-01,13.1137,42915,,,
1946-10-01,13.3560,43093,,,
1946-11-01,13.4368,43395,,,
1946-12-01,13.5176,43379,,,
1947-01-01,13.6792,43535,,,
1947-02-01,13.7600,43557,,,
1947-03-01,13.8407,43607,,,
1947-04-01,13.7330,43499,,,
1947-05-01,13.7869,43638,,,
1947-06-01,13.7869,43810,,,
1947-07-01,13.7061,43743,,,
1947-08-01,13.7869,43960,,,
1947-09-01,13.8946,44203,,,
1947-10-01,14.0292,44411,,,
1947-11-01,14.2177,44484,,,
1947-12-01,14.2716,44581,,,
1948-01-01,14.3524,44679,,3.4,
1948-02-01,14.3793,44533,,3.8,
1948-03-01,14.2177,44683,,4.0,
1948-04-01,14.2447,44379,,3.9,
1948-05-01,14.4870,44796,,3.5,
1948-06-01,14.6755,45034,,3.6,
1948-07-01,14.6755,45160,,3.6,
1948-08-01,14.6216,45178,,3.9,
1948-09-01,14.5139,45294,,3.8,
1948-10-01,14.6217,45245,,3.7,
1948-11-01,14.4332,45192,,3.8,
1948-12-01,14.2985,45032,,4.0,
1949-01-01,14.1639,44668,,4.3,
1949-02-01,14.0292,44497,,4.7,
1949-03-01,13.7600,44240,,5.0,
1949-04-01,13.6792,44236,,5.3,
1949-05-01,13.4907,43984,,6.1,
1949-06-01,13.4638,43739,,6.2,
1949-07-01,13.4368,43531,,6.7,
1949-08-01,13.5715,43624,,6.8,
1949-09-01,13.7061,43780,,6.6,
1949-10-01,13.1945,42942,,7.9,
1949-11-01,13.5446,43242,,6.4,
1949-12-01,13.7869,43522,,6.6,
1950-01-01,14.0292,43526,,6.5,
1950-02-01,14.0831,43297,,6.4,
1950-03-01,14.5409,43954,,6.3,
1950-04-01,15.0255,44382,,5.8,
1950-05-01,15.3756,44718,,5.5,
1950-06-01,15.8334,45083,,5.4,
1950-07-01,16.3450,45454,,5.0,
1950-08-01,16.8566,46192,,4.5,
1950-09-01,16.7489,46438,,4.4,
1950-10-01,16.8566,46706,,4.2,
1950-11-01,16.8297,46776,,4.2,
1950-12-01,17.1259,46861,,4.3,
1951-01-01,17.1797,47288,,3.7,
1951-02-01,17.2875,47577,,3.4,
1951-03-01,17.3682,47873,,3.4,
1951-04-01,17.3952,47861,,3.1,
1951-05-01,17.3413,47952,,3.0,
1951-06-01,17.2605,48064,,3.2,
1951-07-01,16.9913,48061,,3.1,
1951-08-01,16.8297,48012,,3.1,
1951-09-01,16.9374,47954,,3.3,
1951-10-01,16.9105,48006,,3.5,
1951-11-01,17.0451,48147,,3.5,
1951-12-01,17.1528,48314,,3.1,
1952-01-01,17.3413,48296,,3.2,
1952-02-01,17.4490,48522,,3.1,
1952-03-01,17.5029,48504,,2.9,
1952-04-01,17.3413,48620,,2.9,
1952-05-01,17.1798,48642,,3.0,
1952-06-01,17.0182,48282,,3.0,
1952-07-01,16.7489,48143,,3.2,
1952-08-01,17.8260,48924,,3.4,
1952-09-01,18.4723,49320,,3.1,
1952-10-01,18.6608,49597,,3.0,
1952-11-01,19.0378,49816,,2.8,
1952-12-01,19.1455,50166,,2.7,
1953-01-01,19.1993,50144,,2.9,
1953-02-01,19.3070,50339,,2.6,
1953-03-01,19.4686,50473,,2.6,
1953-04-01,19.5494,50435,,2.7,
1953-05-01,19.6571,50490,,2.5,
1953-06-01,19.5763,50519,,2.5,
1953-07-01,19.8187,50536,,2.6,
1953-08-01,19.7109,50489,,2.7,
1953-09-01,19.3070,50368,,2.9,
1953-10-01,19.1455,50240,,3.1,
1953-11-01,18.6877,49908,,3.5,
1953-12-01,18.2299,49703,,4.5,
1954-01-01,18.0953,49469,,4.9,
1954-02-01,18.1492,49382,,5.2,
1954-03-01,18.0414,49157,,5.7,
1954-04-01,17.9337,49179,,5.9,
1954-05-01,18.0414,48965,,5.9,
1954-06-01,18.0953,48895,,5.6,
1954-07-01,18.1222,48835,,5.8,
1954-08-01,18.0953,48826,,6.0,
1954-09-01,18.1222,48886,,6.1,
1954-10-01,18.3377,48942,,5.7,
1954-11-01,18.6338,49180,,5.3,
1954-12-01,18.8762,49331,,5.0,
1955-01-01,19.3070,49496,,4.9,
1955-02-01,19.5494,49644,,4.7,
1955-03-01,20.0071,49962,,4.6,
1955-04-01,20.2495,50248,,4.7,
1955-05-01,20.5726,50512,,4.3,
1955-06-01,20.5996,50790,,4.2,
1955-07-01,20.7611,50987,,4.0,
1955-08-01,20.7342,51111,,4.2,
1955-09-01,20.8688,51266,,4.1,
1955-10-01,21.2189,51429,,4.3,
1955-11-01,21.2727,51592,,4.2,
1955-12-01,21.3535,51805,,4.2,
1956-01-01,21.4882,51975,,4.0,
1956-02-01,21.2997,52167,,3.9,
1956-03-01,21.2997,52294,,4.2,
1956-04-01,21.4612,52375,,4.0,
1956-05-01,21.2728,52506,,4.3,
1956-06-01,21.0843,52586,,4.3,
1956-07-01,20.4380,51955,,4.4,
1956-08-01,21.2727,52631,,4.1,
1956-09-01,21.7574,52604,,3.9,
1956-10-01,21.9459,52777,,3.9,
1956-11-01,21.7574,52821,,4.3,
1956-12-01,22.0806,52929,,4.2,
1957-01-01,21.9998,52887,,4.2,
1957-02-01,22.2152,53097,,3.9,
1957-03-01,22.1883,53156,,3.7,
1957-04-01,21.8921,53238,,3.9,
1957-05-01,21.8113,53150,,4.1,
1957-06-01,21.8652,53067,,4.3,
1957-07-01,21.9998,53123,,4.2,
1957-08-01,21.9998,53128,,4.1,
1957-09-01,21.8113,52934,,4.4,
1957-10-01,21.4882,52763,,4.5,
1957-11-01,20.9765,52558,,5.1,
1957-12-01,20.5726,52384,,5.2,
1958-01-01,20.1956,52076,,5.8,
1958-02-01,19.7648,51576,,6.4,
1958-03-01,19.5225,51299,,6.7,
1958-04-01,19.1993,51027,,7.4,
1958-05-01,19.3878,50914,,7.4,
1958-06-01,19.8994,50914,,7.3,
1958-07-01,20.1956,51039,,7.5,
1958-08-01,20.5995,51233,,7.4,
1958-09-01,20.7881,51506,,7.1,
1958-10-01,21.0304,51485,,6.7,
1958-11-01,21.6497,51944,,6.2,
1958-12-01,21.6767,52085,,6.2,
1959-01-01,21.9998,52478,,6.0,
1959-02-01,22.4306,52688,,5.9,
1959-03-01,22.7538,53014,,5.6,
1959-04-01,23.2384,53321,,5.2,
1959-05-01,23.5885,53550,,5.1,
1959-06-01,23.6155,53681,,5.0,
1959-07-01,23.0500,53804,,5.1,
1959-08-01,22.2691,53336,,5.2,
1959-09-01,22.2421,53428,,5.5,
1959-10-01,22.0806,53358,,5.7,
1959-11-01,22.2152,53634,,5.8,
1959-12-01,23.5885,54174,,5.3,
1960-01-01,24.2078,54274,,5.2,
1960-02-01,23.9924,54513,,4.8,
1960-03-01,23.7770,54454,,5.4,
1960-04-01,23.5885,54813,,5.2,
1960-05-01,23.5616,54475,,5.1,
1960-06-01,23.2654,54348,,5.4,
1960-07-01,23.1846,54306,,5.5,
1960-08-01,23.1577,54272,,5.6,
1960-09-01,22.9153,54227,,5.5,
1960-10-01,22.8884,54142,,6.1,
1960-11-01,22.5653,53961,,6.1,
1960-12-01,22.1344,53742,,6.6,
1961-01-01,22.1613,53683,,6.6,
1961-02-01,22.1344,53557,,6.9,
1961-03-01,22.2691,53659,,6.9,
1961-04-01,22.7268,53627,,7.0,
1961-05-01,23.0769,53786,,7.1,
1961-06-01,23.4000,53977,,6.9,
1961-07-01,23.6693,54123,,7.0,
1961-08-01,23.8847,54298,,6.6,
1961-09-01,23.8578,54388,,6.7,
1961-10-01,24.3156,54522,,6.5,
1961-11-01,24.6926,54742,,6.1,
1961-12-01,24.9080,54872,,6.0,
1962-01-01,24.6925,54891,,5.8,
1962-02-01,25.0964,55188,,5.5,
1962-03-01,25.2311,55275,,5.6,
1962-04-01,25.2850,55602,,5.6,
1962-05-01,25.2580,55628,,5.5,
1962-06-01,25.2042,55644,,5.5,
1962-07-01,25.4465,55746,,5.4,
1962-08-01,25.4734,55838,,5.7,
1962-09-01,25.6350,55978,,5.6,
1962-10-01,25.6619,56041,,5.4,
1962-11-01,25.7696,56056,,5.7,
1962-12-01,25.7696,56028,,5.5,
1963-01-01,25.9581,56115,,5.7,
1963-02-01,26.2544,56230,,5.9,
1963-03-01,26.4159,56320,,5.7,
1963-04-01,26.6582,56580,,5.7,
1963-05-01,26.9814,56616,,5.9,
1963-06-01,27.0622,56659,,5.6,
1963-07-01,26.9545,56794,,5.6,
1963-08-01,27.0083,56910,,5.4,
1963-09-01,27.2776,57078,,5.5,
1963-10-01,27.4661,57283,,5.5,
1963-11-01,27.6007,57255,,5.7,
1963-12-01,27.5469,57361,,5.5,
1964-01-01,27.7892,57487,,5.6,
1964-02-01,27.9777,57753,,5.4,
1964-03-01,27.9777,57897,,5.4,
1964-04-01,28.4355,57922,,5.3,
1964-05-01,28.5970,58089,,5.1,
1964-06-01,28.6778,58219,,5.2,
1964-07-01,28.8663,58412,,4.9,
1964-08-01,29.0548,58619,,5.0,
1964-09-01,29.1625,58903,,5.1,
1964-10-01,28.7586,58793,,5.1,
1964-11-01,29.6472,59218,,4.8,
1964-12-01,29.9973,59421,,5.0,
1965-01-01,30.3204,59582,,4.9,
1965-02-01,30.5089,59800,,5.1,
1965-03-01,30.9128,60003,,4.7,
1965-04-01,31.0474,60259,,4.8,
1965-05-01,31.2898,60491,,4.6,
1965-06-01,31.5321,60690,,4.6,
1965-07-01,31.8283,60965,,4.4,
1965-08-01,31.9630,61228,,4.4,
1965-09-01,32.0438,61490,,4.3,
1965-10-01,32.3669,61719,,4.2,
1965-11-01,32.5015,61996,,4.1,
1965-12-01,32.9054,62322,,4.0,
1966-01-01,33.2286,62529,,4.0,
1966-02-01,33.4440,62796,,3.8,
1966-03-01,33.9018,63192,,3.8,
1966-04-01,33.9556,63437,,3.8,
1966-05-01,34.2787,63712,,3.9,
1966-06-01,34.4403,64111,,3.8,
1966-07-01,34.6288,64301,,3.8,
1966-08-01,34.6557,64507,,3.8,
1966-09-01,34.9789,64643,,3.7,
1966-10-01,35.2212,64854,,3.7,
1966-11-01,34.9788,65019,,3.6,
1966-12-01,35.0596,65199,,3.8,
1967-01-01,35.2250,65407,,3.9,
1967-02-01,34.8255,65429,,3.8,
1967-03-01,34.6292,65530,,3.8,
1967-04-01,34.9558,65466,,3.8,
1967-05-01,34.6508,65620,,3.8,
1967-06-01,34.6465,65750,,3.9,
1967-07-01,34.5676,65888,,3.8,
1967-08-01,35.2299,66143,,3.8,
1967-09-01,35.1727,66164,,3.8,
1967-10-01,35.4591,66225,,4.0,
1967-11-01,35.9663,66703,,3.9,
1967-12-01,36.3536,66900,,3.8,
1968-01-01,36.3145,66804,,3.7,
1968-02-01,36.4446,67215,,3.8,
1968-03-01,36.5584,67295,,3.7,
1968-04-01,36.6113,67556,,3.5,
1968-05-01,37.0220,67652,,3.5,
1968-06-01,37.1580,67905,,3.7,
1968-07-01,37.1010,68126,,3.7,
1968-08-01,37.2045,68330,,3.5,
1968-09-01,37.3454,68484,,3.4,
1968-10-01,37.4196,68721,,3.4,
1968-11-01,37.9036,68984,,3.4,
1968-12-01,38.0233,69248,,3.4,
1969-01-01,38.2533,69439,,3.4,
1969-02-01,38.4981,69699,,3.4,
1969-03-01,38.8000,69905,,3.4,
1969-04-01,38.6573,70072,,3.4,
1969-05-01,38.5111,70328,,3.4,
1969-06-01,38.8874,70636,,3.5,
1969-07-01,39.0927,70729,,3.5,
1969-08-01,39.1825,71008,,3.5,
1969-09-01,39.1737,70914,,3.7,
1969-10-01,39.1852,71121,,3.7,
1969-11-01,38.8158,71086,,3.5,
1969-12-01,38.7116,71241,,3.5,
1970-01-01,37.9948,71176,,3.9,
1970-02-01,37.9698,71305,,4.2,
1970-03-01,37.9205,71451,,4.4,
1970-04-01,37.8230,71348,,4.6,
1970-05-01,37.7789,71124,,4.8,
1970-06-01,37.6567,71029,,4.9,
1970-07-01,37.7491,71053,,5.0,
1970-08-01,37.6818,70937,,5.1,
1970-09-01,37.4221,70944,,5.4,
1970-10-01,36.6735,70521,,5.5,
1970-11-01,36.4514,70409,,5.9,
1970-12-01,37.2885,70792,,6.1,
1971-01-01,37.5753,70865,,5.9,
1971-02-01,37.5037,70807,,5.9,
1971-03-01,37.4631,70860,,6.0,
1971-04-01,37.6735,71036,,5.9,
1971-05-01,37.8646,71247,,5.9,
1971-06-01,38.0234,71254,,5.9,
1971-07-01,37.9131,71315,,6.0,
1971-08-01,37.6930,71373,,6.1,
1971-09-01,38.3056,71614,,6.0,
1971-10-01,38.5924,71642,,5.8,
1971-11-01,38.7561,71847,,6.0,
1971-12-01,39.2035,72109,,6.0,
1972-01-01,40.1408,72441,,5.8,
1972-02-01,40.5459,72648,,5.7,
1972-03-01,40.8263,72944,,5.8,
1972-04-01,41.2348,73162,,5.7,
1972-05-01,41.2405,73469,,5.7,
1972-06-01,41.3497,73758,,5.7,
1972-07-01,41.3035,73709,,5.6,
1972-08-01,41.8790,74141,,5.6,
1972-09-01,42.2132,74264,,5.5,
1972-10-01,42.7494,74674,,5.6,
1972-11-01,43.2548,74973,,5.3,
1972-12-01,43.7367,75268,,5.2,
1973-01-01,44.0529,75617,,4.9,
1973-02-01,44.6827,76014,,5.0,
1973-03-01,44.7045,76284,,4.9,
1973-04-01,44.6387,76455,,5.0,
1973-05-01,44.9429,76648,,4.9,
1973-06-01,45.0035,76887,,4.9,
1973-07-01,45.1636,76913,,4.8,
1973-08-01,45.1019,77168,,4.8,
1973-09-01,45.4624,77276,,4.8,
1973-10-01,45.8470,77607,,4.6,
1973-11-01,46.0553,77920,,4.8,
1973-12-01,45.9230,78031,,4.9,
1974-01-01,45.6204,78100,,5.1,
1974-02-01,45.4759,78254,,5.2,
1974-03-01,45.4777,78296,,5.1,
1974-04-01,45.3451,78382,,5.1,
1974-05-01,45.7044,78549,,5.1,
1974-06-01,45.6238,78604,,5.4,
1974-07-01,45.7221,78636,,5.5,
1974-08-01,45.2366,78619,,5.5,
1974-09-01,45.2365,78610,,5.9,
1974-10-01,45.1133,78630,,6.0,
1974-11-01,43.6278,78265,,6.6,
1974-12-01,42.0533,77652,,7.2,
1975-01-01,41.4676,77293,,8.1,
1975-02-01,40.5165,76918,,8.1,
1975-03-01,40.0638,76648,,8.6,
1975-04-01,40.1573,76460,,8.8,
1975-05-01,40.0253,76624,,9.0,
1975-06-01,40.2772,76521,,8.8,
1975-07-01,40.6994,76770,,8.6,
1975-08-01,41.0998,77153,,8.4,
1975-09-01,41.6304,77228,,8.4,
1975-10-01,41.8135,77540,,8.4,
1975-11-01,41.8697,77685,,8.3,
1975-12-01,42.4414,78017,,8.2,
1976-01-01,43.0012,78503,,7.9,
1976-02-01,43.4229,78816,,7.7,
1976-03-01,43.5168,79048,,7.6,
1976-04-01,43.7327,79292,,7.7,
1976-05-01,43.9186,79312,,7.4,
1976-06-01,43.9637,79376,,7.6,
1976-07-01,44.2141,79547,,7.8,
1976-08-01,44.5182,79704,,7.8,
1976-09-01,44.6721,79892,,7.6,
1976-10-01,44.6585,79911,,7.7,
1976-11-01,45.3392,80240,,7.8,
1976-12-01,45.8294,80448,,7.8,
1977-01-01,45.5087,80690,,7.5,
1977-02-01,46.2277,80988,,7.6,
1977-03-01,46.8185,81391,,7.4,
1977-04-01,47.2684,81728,,7.2,
1977-05-01,47.6411,82088,,7.0,
1977-06-01,48.0116,82488,,7.2,
1977-07-01,48.0730,82834,,6.9,
1977-08-01,48.1205,83075,,7.0,
1977-09-01,48.3189,83532,,6.8,
1977-10-01,48.3871,83800,,6.8,
1977-11-01,48.4761,84173,,6.8,
1977-12-01,48.5629,84410,,6.4,
1978-01-01,47.8481,84594,,6.4,
1978-02-01,48.1044,84948,,6.3,
1978-03-01,49.0265,85460,,6.3,
1978-04-01,50.0206,86162,,6.1,
1978-05-01,50.2540,86509,,6.0,
1978-06-01,50.5801,86950,,5.9,
1978-07-01,50.5384,87204,,6.2,
1978-08-01,50.7458,87483,,5.9,
1978-09-01,50.8744,87621,,6.0,
1978-10-01,51.2559,87956,,5.8,
1978-11-01,51.6514,88391,,5.9,
1978-12-01,51.9090,88671,,6.0,
1979-01-01,51.6278,88808,,5.9,
1979-02-01,51.8752,89055,,5.9,
1979-03-01,52.0446,89479,,5.8,
1979-04-01,51.4193,89417,,5.8,
1979-05-01,51.8856,89789,,5.6,
1979-06-01,51.8965,90108,,5.7,
1979-07-01,51.8097,90217,,5.7,
1979-08-01,51.4684,90300,,6.0,
1979-09-01,51.4597,90327,,5.9,
1979-10-01,51.8334,90481,,6.0,
1979-11-01,51.7531,90573,,5.9,
1979-12-01,51.7878,90672,,6.0,
1980-01-01,52.0679,90800,,6.3,
1980-02-01,52.0820,90883,,6.3,
1980-03-01,51.8700,90994,,6.3,
1980-04-01,50.8397,90849,,6.9,
1980-05-01,49.5890,90420,,7.5,
1980-06-01,48.9482,90101,,7.6,
1980-07-01,48.6039,89840,,7.8,
1980-08-01,48.7563,90099,,7.7,
1980-09-01,49.5608,90213,,7.5,
1980-10-01,50.1908,90490,,7.5,
1980-11-01,51.0311,90747,,7.5,
1980-12-01,51.3708,90943,,7.2,
1981-01-01,51.0415,91033,,7.5,
1981-02-01,50.8240,91105,,7.4,
1981-03-01,51.0826,91210,,7.4,
1981-04-01,50.8580,91283,,7.2,
1981-05-01,51.1495,91296,,7.5,
1981-06-01,51.4101,91490,,7.5,
1981-07-01,51.7471,91601,,7.2,
1981-08-01,51.6826,91565,,7.4,
1981-09-01,51.4337,91477,,7.6,
1981-10-01,51.0281,91380,,7.9,
1981-11-01,50.4350,91171,,8.3,
1981-12-01,49.8987,90895,,8.5,
1982-01-01,48.8685,90565,,8.6,
1982-02-01,49.8636,90563,,8.9,
1982-03-01,49.5323,90434,,9.0,
1982-04-01,49.0750,90150,,9.3,
1982-05-01,48.7483,90107,,9.4,
1982-06-01,48.6214,89865,,9.6,
1982-07-01,48.4616,89521,,9.8,
1982-08-01,48.0192,89363,,9.8,
1982-09-01,47.9008,89183,,10.1,
1982-10-01,47.4371,88907,,10.4,
1982-11-01,47.2830,88786,,10.8,
1982-12-01,46.9485,88771,,10.8,
1983-01-01,47.8234,88990,,10.4,
1983-02-01,47.5233,88917,,10.4,
1983-03-01,47.9244,89090,,10.3,
1983-04-01,48.5311,89364,,10.2,
1983-05-01,48.8239,89644,,10.1,
1983-06-01,49.1230,90021,,10.1,
1983-07-01,49.8546,90437,,9.4,
1983-08-01,50.4443,90129,,9.5,
1983-09-01,51.1780,91247,,9.2,
1983-10-01,51.5693,91520,,8.8,
1983-11-01,51.7993,91875,,8.5,
1983-12-01,52.0594,92230,,8.3,
1984-01-01,53.0985,92673,,8.0,
1984-02-01,53.3318,93157,,7.8,
1984-03-01,53.5929,93429,,7.8,
1984-04-01,53.9100,93792,,7.7,
1984-05-01,54.2026,94098,,7.4,
1984-06-01,54.4014,94479,,7.2,
1984-07-01,54.5521,94789,,7.5,
1984-08-01,54.6083,95032,,7.5,
1984-09-01,54.4466,95344,,7.3,
1984-10-01,54.4406,95629,,7.4,
1984-11-01,54.6240,95982,,7.2,
1984-12-01,54.6416,96107,,7.3,
1985-01-01,54.6322,96372,,7.3,
1985-02-01,54.7825,96503,,7.2,
1985-03-01,54.8653,96842,,7.2,
1985-04-01,54.7459,97038,,7.3,
1985-05-01,54.8255,97312,,7.2,
1985-06-01,54.7989,97459,,7.4,
1985-07-01,54.5396,97648,,7.4,
1985-08-01,54.7055,97840,,7.1,
1985-09-01,54.8906,98045,,7.1,
1985-10-01,54.7199,98233,,7.1,
1985-11-01,54.9124,98443,,7.0,
1985-12-01,55.4412,98609,,7.0,
1986-01-01,55.7481,98732,,6.7,
1986-02-01,55.3568,98847,,7.2,
1986-03-01,54.9625,98934,,7.2,
1986-04-01,55.0413,99121,,7.1,
1986-05-01,55.1226,99248,,7.2,
1986-06-01,54.9005,99155,,7.2,
1986-07-01,55.2592,99473,,7.0,
1986-08-01,55.1567,99588,,6.9,
1986-09-01,55.2975,99934,,7.0,
1986-10-01,55.5332,100121,,7.0,
1986-11-01,55.7557,100308,,6.9,
1986-12-01,56.2845,100509,,6.6,
1987-01-01,56.0882,100678,,6.6,
1987-02-01,56.8275,100919,,6.6,
1987-03-01,56.9098,101164,,6.6,
1987-04-01,57.2701,101499,,6.3,
1987-05-01,57.6322,101728,,6.3,
1987-06-01,57.9307,101900,,6.2,
1987-07-01,58.3258,102247,,6.1,
1987-08-01,58.7636,102420,,6.0,
1987-09-01,58.9951,102647,,5.9,
1987-10-01,59.7810,103138,,6.0,
1987-11-01,60.0726,103372,,5.8,
1987-12-01,60.4095,103661,,5.7,
1988-01-01,60.3976,103753,,5.7,
1988-02-01,60.7003,104214,,5.7,
1988-03-01,60.8501,104489,,5.7,
1988-04-01,61.2031,104732,,5.4,
1988-05-01,61.0797,104962,,5.6,
1988-06-01,61.2569,105326,,5.4,
1988-07-01,61.2659,105550,,5.4,
1988-08-01,61.5731,105674,,5.6,
1988-09-01,61.3807,106013,,5.4,
1988-10-01,61.6453,106276,,5.4,
1988-11-01,61.7944,106617,,5.3,
1988-12-01,62.0743,106898,,5.3,
1989-01-01,62.2574,107161,,5.4,
1989-02-01,61.9819,107427,,5.2,
1989-03-01,62.1369,107621,,5.0,
1989-04-01,62.1276,107791,,5.2,
1989-05-01,61.7744,107913,,5.2,
1989-06-01,61.7697,108027,,5.3,
1989-07-01,61.1738,108069,,5.2,
1989-08-01,61.7732,108120,,5.2,
1989-09-01,61.5796,108369,,5.3,
1989-10-01,61.4966,108476,,5.3,
1989-11-01,61.7044,108752,,5.4,
1989-12-01,62.0428,108836,,5.4,
1990-01-01,61.7290,109196,,5.4,
1990-02-01,62.2896,109436,,5.3,
1990-03-01,62.5999,109640,,5.2,
1990-04-01,62.4359,109674,,5.4,
1990-05-01,62.6258,109828,,5.4,
1990-06-01,62.8382,109850,,5.2,
1990-07-01,62.7284,109815,,5.5,
1990-08-01,62.9475,109607,,5.7,
1990-09-01,62.9523,109522,,5.9,
1990-10-01,62.5845,109377,,5.9,
1990-11-01,61.7887,109222,,6.2,
1990-12-01,61.3352,109168,,6.3,
1991-01-01,61.1355,109058,,6.4,
1991-02-01,60.6838,108735,,6.6,
1991-03-01,60.3346,108568,,6.8,
1991-04-01,60.4938,108350,,6.7,
1991-05-01,61.0633,108253,,6.9,
1991-06-01,61.5581,108330,,6.9,
1991-07-01,61.7305,108290,,6.8,
1991-08-01,61.7298,108300,,6.9,
1991-09-01,62.2195,108335,,6.9,
1991-10-01,62.1855,108361,,7.0,
1991-11-01,62.0871,108300,,7.0,
1991-12-01,61.7852,108330,,7.3,
1992-01-01,61.4616,108365,159177,7.3,
1992-02-01,61.8955,108312,159189,7.4,114535
1992-03-01,62.4232,108367,158647,7.4,120025
1992-04-01,62.8970,108516,159921,7.4,124470
1992-05-01,63.1040,108646,160471,7.6,125822
1992-06-01,63.1363,108706,161205,7.8,122834
1992-07-01,63.7176,108793,162855,7.7,122590
1992-08-01,63.3613,108916,162412,7.6,120411
1992-09-01,63.5703,108951,164361,7.6,120711
1992-10-01,63.9995,109139,166063,7.3,127392
1992-11-01,64.2422,109283,166124,7.4,122374
1992-12-01,64.3507,109502,167691,7.4,126080
1993-01-01,64.5978,109790,169500,7.3,121637
1993-02-01,64.9089,110047,168840,7.1,128854
1993-03-01,64.8522,110004,167682,7.0,126762
1993-04-01,65.0301,110300,172102,7.1,127395
1993-05-01,64.7840,110571,172960,7.1,126529
1993-06-01,64.9301,110742,173018,7.0,130212
1993-07-01,65.1052,111054,175822,6.9,128111
1993-08-01,65.0267,111200,175233,6.8,129378
1993-09-01,65.3717,111448,176608,6.7,127233
1993-10-01,65.8509,111734,177588,6.8,133168
1993-11-01,66.1518,111987,179758,6.6,130391
1993-12-01,66.5436,112325,181077,6.5,133565
1994-01-01,66.7351,112601,179615,6.6,138498
1994-02-01,66.7740,112782,183101,6.6,137141
1994-03-01,67.4552,113245,186721,6.5,136548
1994-04-01,67.8541,113589,186423,6.4,140336
1994-05-01,68.1663,113922,185616,6.1,142630
1994-06-01,68.6265,114239,187800,6.1,145063
1994-07-01,68.7178,114608,188062,6.1,145013
1994-08-01,69.1785,114902,190771,6.0,145884
1994-09-01,69.3961,115246,192585,5.9,145487
1994-10-01,69.9544,115457,193914,5.8,149547
1994-11-01,70.4326,115867,194425,5.6,150038
1994-12-01,71.1523,116174,194939,5.5,152489
1995-01-01,71.2734,116505,195908,5.6,150459
1995-02-01,71.1930,116694,193068,5.4,153856
1995-03-01,71.3113,116908,195179,5.4,152888
1995-04-01,71.1882,117066,195310,5.8,151401
1995-05-01,71.5378,117046,198060,5.6,152838
1995-06-01,71.7749,117291,200383,5.6,150051
1995-07-01,71.4748,117382,199110,5.7,148915
1995-08-01,72.4223,117646,201078,5.7,154372
1995-09-01,72.7144,117873,201337,5.6,160175
1995-10-01,72.5866,118026,200597,5.5,155473
1995-11-01,72.7779,118165,203545,5.6,156146
1995-12-01,73.0305,118325,204032,5.6,163279
1996-01-01,72.6125,118317,203793,5.6,155806
1996-02-01,73.6752,118738,206875,5.5,150773
1996-03-01,73.5850,118992,207650,5.5,164976
1996-04-01,74.3172,119158,209294,5.6,156830
1996-05-01,74.8726,119497,211157,5.6,164502
1996-06-01,75.4433,119770,209474,5.3,164599
1996-07-01,75.4549,120019,210827,5.5,163588
1996-08-01,75.8411,120198,210846,5.1,157310
1996-09-01,76.3158,120400,213233,5.2,165442
1996-10-01,76.3384,120665,215526,5.2,165266
1996-11-01,77.0397,120947,215167,5.4,170783
1996-12-01,77.5333,121143,215690,5.4,162332
1997-01-01,77.6562,121356,218124,5.3,161827
1997-02-01,78.5833,121673,219587,5.2,170221
1997-03-01,79.0820,121991,221189,5.2,167568
1997-04-01,79.1747,122289,217925,5.1,174054
1997-05-01,79.6133,122560,217771,4.9,168586
1997-06-01,79.9792,122816,220233,5.0,174828
1997-07-01,80.6624,123114,222985,4.9,178860
1997-08-01,81.4694,123087,223120,4.8,177302
1997-09-01,82.2156,123575,224509,4.9,177835
1997-10-01,82.9446,123924,224300,4.7,177801
1997-11-01,83.5978,124225,223718,4.6,191187
1997-12-01,83.9538,124549,225236,4.7,173770
1998-01-01,84.3218,124806,225954,4.6,174288
1998-02-01,84.4583,125017,225746,4.6,181270
1998-03-01,84.4880,125165,226889,4.7,176886
1998-04-01,84.7779,125445,230409,4.3,180915
1998-05-01,85.3367,125845,230995,4.4,180634
1998-06-01,84.8248,126076,233207,4.5,172189
1998-07-01,84.4986,126212,231551,4.5,170459
1998-08-01,86.2480,126546,229792,4.5,179033
1998-09-01,86.2021,126744,232308,4.6,181422
1998-10-01,86.7914,126949,236174,4.5,178527
1998-11-01,86.7256,127222,237592,4.4,182400
1998-12-01,87.1185,127595,240140,4.4,178424
1999-01-01,87.4949,127699,240269,4.3,186527
1999-02-01,88.0270,128117,243346,4.4,185546
1999-03-01,88.2267,128234,244687,4.2,184689
1999-04-01,88.4295,128595,246628,4.3,182993
1999-05-01,88.9886,128813,248367,4.2,185963
1999-06-01,88.9188,129084,249329,4.3,182590
1999-07-01,89.4333,129422,251263,4.3,189083
1999-08-01,89.7924,129572,253844,4.2,189414
1999-09-01,89.4299,129771,255029,4.2,188910
1999-10-01,90.5230,130178,254816,4.1,194547
1999-11-01,90.9618,130466,258133,4.1,186597
1999-12-01,91.6634,130783,263311,4.0,196344
2000-01-01,91.5380,131011,261545,4.0,201360
2000-02-01,91.8239,131120,265686,4.1,183911
2000-03-01,92.1504,131604,269019,4.0,192130
2000-04-01,92.6989,131884,264067,3.8,195044
2000-05-01,92.9499,132105,265992,4.0,188606
2000-06-01,92.9862,132063,267750,4.0,219745
2000-07-01,92.8048,132228,265683,4.0,189265
2000-08-01,92.5521,132234,266885,4.1,188730
2000-09-01,92.9792,132337,270523,3.9,199947
2000-10-01,92.6179,132352,270339,3.9,186158
2000-11-01,92.6438,132556,268850,3.9,189392
2000-12-01,92.3415,132716,268338,3.9,188659
2001-01-01,91.9020,132703,272881,4.2,177056
2001-02-01,91.3034,132788,272627,4.2,180276
2001-03-01,91.1162,132751,269820,4.3,182209
2001-04-01,90.7891,132458,274410,4.4,171850
2001-05-01,90.3555,132408,275769,4.3,177749
2001-06-01,89.8784,132300,274474,4.5,176350
2001-07-01,89.3028,132172,273098,4.6,170129
2001-08-01,89.2003,132021,275659,4.9,170484
2001-09-01,88.7485,131763,268652,5.0,164123
2001-10-01,88.5052,131452,288632,5.3,171530
2001-11-01,87.9700,131144,280033,5.5,163811
2001-12-01,87.9324,130983,276302,5.7,165304
2002-01-01,88.5176,130859,277135,5.7,163324
2002-02-01,88.5278,130737,278869,5.7,172406
2002-03-01,89.1686,130722,278079,5.7,167853
2002-04-01,89.6040,130616,281147,5.9,171852
2002-05-01,89.9640,130632,278966,5.8,171854
2002-06-01,90.7061,130674,280426,5.8,166070
2002-07-01,90.6769,130584,284161,5.8,174282
2002-08-01,90.5762,130581,285884,5.7,177126
2002-09-01,90.6531,130502,281064,5.7,166838
2002-10-01,90.4643,130617,282940,5.7,169134
2002-11-01,90.9711,130616,283408,5.9,170023
2002-12-01,90.4652,130465,286646,6.0,163962
2003-01-01,91.2361,130573,288657,5.8,169994
2003-02-01,91.3445,130441,284696,5.9,174113
2003-03-01,91.1044,130235,288177,5.9,172245
2003-04-01,90.5617,130173,289053,6.0,169347
2003-05-01,90.5370,130197,289619,6.1,171542
2003-06-01,90.6527,130186,293671,6.3,173507
2003-07-01,91.1185,130184,296207,6.2,173320
2003-08-01,90.9197,130153,299592,6.1,173044
2003-09-01,91.5059,130252,298921,6.1,178690
2003-10-01,91.6186,130439,298205,6.0,183704
2003-11-01,92.2329,130480,299433,5.8,181685
2003-12-01,92.2602,130589,300702,5.7,181513
2004-01-01,92.4006,130756,301993,5.7,178696
2004-02-01,92.9580,130821,303915,5.6,181662
2004-03-01,92.5861,131140,309471,5.8,190869
2004-04-01,92.9300,131412,307358,5.6,184368
2004-05-01,93.6013,131697,311088,5.6,183459
2004-06-01,92.8710,131794,309127,5.6,185640
2004-07-01,93.5649,131854,311681,5.5,186835
2004-08-01,93.6277,131939,311192,5.4,183728
2004-09-01,93.7467,132089,317446,5.4,188444
2004-10-01,94.5465,132429,318476,5.5,185187
2004-11-01,94.7813,132503,320520,5.4,192545
2004-12-01,95.5365,132630,324672,5.4,193578
2005-01-01,95.8801,132781,321272,5.3,194875
2005-02-01,96.5761,133034,325308,5.4,196475
2005-03-01,96.4456,133154,326179,5.2,186608
2005-04-01,96.6532,133520,329124,5.2,194847
2005-05-01,96.7402,133689,327233,5.1,206623
2005-06-01,97.1753,133948,337219,5.0,210020
2005-07-01,96.8676,134300,339529,5.0,194475
2005-08-01,97.1833,134502,335605,4.9,204839
2005-09-01,95.3005,134552,336600,5.0,203997
2005-10-01,96.4572,134641,336753,5.0,209901
2005-11-01,97.5414,134997,339719,5.0,220733
2005-12-01,98.0452,135159,339895,4.9,221499
2006-01-01,98.1999,135427,349664,4.7,209540
2006-02-01,98.2413,135733,347021,4.8,219738
2006-03-01,98.4628,136038,348357,4.7,227188
2006-04-01,98.7618,136210,350072,4.7,214625
2006-05-01,98.7869,136249,348889,4.6,215819
2006-06-01,99.0997,136337,350795,4.6,221220
2006-07-01,99.0489,136529,351916,4.7,209494
2006-08-01,99.4836,136692,353285,4.7,210473
2006-09-01,99.3183,136826,351240,4.5,234701
2006-10-01,99.2044,136843,351035,4.4,216952
2006-11-01,99.1627,137060,352116,4.5,224809
2006-12-01,100.1735,137249,356367,4.4,229243
2007-01-01,99.8346,137472,355792,4.6,222969
2007-02-01,100.7753,137560,356545,4.5,220962
2007-03-01,100.9547,137784,359415,4.4,229526
2007-04-01,101.6334,137847,358562,4.5,233420
2007-05-01,101.7306,137992,363085,4.4,228836
2007-06-01,101.7893,138070,360234,4.6,228868
2007-07-01,101.6672,138044,361770,4.7,233176
2007-08-01,101.8630,138013,363676,4.6,235758
2007-09-01,102.0894,138099,365178,4.7,226473
2007-10-01,101.8015,138175,367322,4.7,230700
2007-11-01,102.3446,138290,370776,4.7,227005
2007-12-01,102.3803,138395,366569,5.0,244443
2008-01-01,102.2448,138391,367368,5.0,239389
2008-02-01,101.8438,138329,364126,4.9,235037
2008-03-01,101.5336,138259,365164,5.1,234868
2008-04-01,100.8785,138040,364816,5.0,231086
2008-05-01,100.2674,137851,368255,5.4,227370
2008-06-01,100.0335,137700,368926,5.6,229262
2008-07-01,99.6760,137497,367594,5.8,220411
2008-08-01,98.1111,137211,364611,6.1,214106
2008-09-01,93.7895,136760,358991,6.1,215245
2008-10-01,94.7219,136291,346137,6.5,191912
2008-11-01,93.4715,135541,332498,6.8,181552
2008-12-01,90.8357,134847,324767,7.3,173849
2009-01-01,88.5700,134079,329787,7.8,151085
2009-02-01,88.0310,133318,328376,8.3,148834
2009-03-01,86.6528,132494,322634,8.7,146323
2009-04-01,85.9344,131822,324323,9.0,147467
2009-05-01,85.0665,131466,327011,9.4,149255
2009-06-01,84.7459,131008,332227,9.5,147033
2009-07-01,85.7027,130662,333670,9.5,153691
2009-08-01,86.6426,130472,339586,9.6,157489
2009-09-01,87.4063,130246,330998,9.8,158041
2009-10-01,87.6419,130061,334595,10.0,161097
2009-11-01,88.0221,130057,337321,9.9,160419
2009-12-01,88.3793,129808,338736,9.9,160520
2010-01-01,89.3426,129802,339093,9.8,181016
2010-02-01,89.6779,129706,339580,9.8,180450
2010-03-01,90.2928,129866,346974,9.9,182148
2010-04-01,90.5991,130120,349869,9.9,182948
2010-05-01,91.8230,130642,346858,9.6,189932
2010-06-01,91.9928,130510,346516,9.4,185667
2010-07-01,92.3421,130415,347612,9.4,187506
2010-08-01,92.6805,130415,349188,9.5,191745
2010-09-01,92.9537,130341,352179,9.5,201932
2010-10-01,92.6903,130620,356215,9.4,193066
2010-11-01,92.7709,130749,359450,9.8,197202
2010-12-01,93.6787,130830,361979,9.3,193452
2011-01-01,93.4814,130837,364394,9.1,203636
2011-02-01,93.1102,131057,367475,9.0,196393
2011-03-01,94.0788,131283,370775,9.0,212748
2011-04-01,93.7749,131597,372820,9.1,200733
2011-05-01,93.8880,131703,372505,9.0,207170
2011-06-01,94.1720,131931,375587,9.1,201579
2011-07-01,94.6360,131992,375442,9.0,206458
2011-08-01,95.2749,132125,375860,9.0,216705
2011-09-01,95.1961,132344,380042,9.0,204738
2011-10-01,95.8568,132553,382207,8.8,210799
2011-11-01,95.8485,132690,383422,8.6,215531
2011-12-01,96.3571,132888,383985,8.5,223835
2012-01-01,96.9318,133246,387531,8.3,226295
2012-02-01,97.2435,133509,392310,8.3,226783
2012-03-01,96.7400,133748,393698,8.2,221729
2012-04-01,97.4359,133825,392073,8.2,218445
2012-05-01,97.6609,133932,391376,8.2,219486
2012-06-01,97.6663,134013,387901,8.2,217930
2012-07-01,97.8713,134157,389686,8.2,222851
2012-08-01,97.4525,134339,394524,8.1,200405
2012-09-01,97.3810,134517,397681,7.8,216864
2012-10-01,97.7193,134669,397494,7.8,218355
2012-11-01,98.0777,134825,399708,7.7,217176
2012-12-01,98.3101,135074,401093,7.9,231169
2013-01-01,98.3342,135257,404434,8.0,223063
2013-02-01,98.7941,135546,409118,7.7,234445
2013-03-01,99.1921,135689,406223,7.5,217480
2013-04-01,99.1065,135873,404231,7.6,226467
2013-05-01,99.1839,136096,406677,7.5,236942
2013-06-01,99.3897,136279,407921,7.5,246567
2013-07-01,99.0814,136391,410268,7.3,220831
2013-08-01,99.6543,136646,409691,7.2,224721
2013-09-01,100.1610,136821,410044,7.2,237493
2013-10-01,100.0820,137041,411399,7.2,231736
2013-11-01,100.3158,137317,412561,6.9,243831
2013-12-01,100.5175,137372,414812,6.7,238481
2014-01-01,100.1599,137561,411561,6.6,224538
2014-02-01,100.9168,137712,416736,6.7,231380
2014-03-01,101.8942,137985,421230,6.7,235485
2014-04-01,101.9928,138298,425546,6.2,237317
2014-05-01,102.3836,138513,426253,6.3,234459
2014-06-01,102.7350,138849,427305,6.1,237501
2014-07-01,102.9632,139072,428079,6.2,300114
2014-08-01,102.7688,139269,431379,6.1,236400
2014-09-01,103.0641,139563,430189,5.9,236112
2014-10-01,103.0764,139798,431903,5.7,233072
2014-11-01,103.7126,140089,433113,5.8,228727
2014-12-01,103.7044,140364,430110,5.6,225104
2015-01-01,102.8905,140568,428208,5.7,225739
2015-02-01,102.2335,140827,427119,5.5,217321
2015-03-01,101.8914,140923,433647,5.4,230136
2015-04-01,101.3355,141196,434470,5.4,225656
2015-05-01,100.8883,141538,437865,5.6,218316
2015-06-01,100.5710,141709,437951,5.3,228948
2015-07-01,101.2228,141991,441942,5.2,228347
2015-08-01,101.0367,142125,441849,5.1,222335
2015-09-01,100.7547,142275,439867,5.0,217744
2015-10-01,100.2675,142579,438693,5.0,226517
2015-11-01,99.5298,142808,440303,5.1,224319
2015-12-01,99.0417,143077,442149,5.0,217570
2016-01-01,99.5607,143210,439466,4.8,228982
2016-02-01,99.0445,143406,443117,4.9,216792
2016-03-01,98.3096,143662,441856,5.0,218388
2016-04-01,98.6421,143854,444254,5.1,229837
2016-05-01,98.4184,143900,445490,4.8,223117
2016-06-01,98.8833,144147,450237,4.9,206910
2016-07-01,98.9992,144520,449789,4.8,216155
2016-08-01,98.8500,144661,449946,4.9,217584
2016-09-01,98.7457,144967,453056,5.0,217396
2016-10-01,98.7611,145065,453847,4.9,233461
2016-11-01,98.3491,145183,453892,4.7,216353
2016-12-01,99.0214,145408,459305,4.7,219525
2017-01-01,98.7611,145628,464412,4.7,219277
2017-02-01,98.3646,145846,464284,4.6,221514
2017-03-01,99.0137,145970,463674,4.4,222944
2017-04-01,100.0224,146175,465276,4.4,224150
2017-05-01,100.1408,146380,462754,4.4,222292
2017-06-01,100.3471,146583,465130,4.3,236980
2017-07-01,100.1068,146772,465089,4.3,217739
2017-08-01,99.6925,146919,466020,4.4,221312
2017-09-01,99.7954,147008,475724,4.3,228782
2017-10-01,101.0247,147149,476107,4.2,228333
2017-11-01,101.2664,147372,480949,4.2,230235
2017-12-01,101.4644,147523,483586,4.1,241711
2018-01-01,101.4625,147660,481414,4.0,228219
2018-02-01,101.7085,148054,484031,4.1,236950
2018-03-01,102.2067,148280,484110,4.0,244343
2018-04-01,103.3329,148420,484154,4.0,243872
2018-05-01,102.4024,148742,491960,3.8,243168
2018-06-01,103.1980,148960,490228,4.0,243778
2018-07-01,103.3646,149020,493142,3.8,235786
2018-08-01,104.0327,149277,493445,3.8,245657
2018-09-01,104.1004,149358,491507,3.7,247957
2018-10-01,103.9856,149527,496416,3.8,238903
2018-11-01,104.0681,149617,498854,3.8,235930
2018-12-01,104.0936,149809,489113,3.9,243401
2019-01-01,103.4021,150060,490440,4.0,236180
2019-02-01,102.8371,150067,491751,3.8,231710
2019-03-01,102.8757,150295,499292,3.8,240465
2019-04-01,102.2740,150591,499343,3.7,232744
2019-05-01,102.3920,150618,504741,3.6,224565
2019-06-01,102.4375,150838,505251,3.6,224890
2019-07-01,101.9408,150937,509091,3.7,228956
2019-08-01,102.6390,151169,512561,3.6,230355
2019-09-01,102.2917,151365,509282,3.5,226791
2019-10-01,101.4281,151460,510648,3.6,226218
2019-11-01,101.9372,151667,514215,3.6,218719
2019-12-01,101.7003,151794,515866,3.6,222265
2020-01-01,101.0338,152031,515119,3.6,233656
2020-02-01,101.3735,152293,515330,3.5,240355
2020-03-01,97.4078,150895,468324,4.4,204710
2020-04-01,84.5619,130426,401028,14.8,165166
2020-05-01,85.9604,133040,478449,13.2,184417
2020-06-01,91.5934,137671,518038,11.0,202777
2020-07-01,95.0256,139255,526304,10.2,223750
2020-08-01,95.9549,140821,530735,8.4,226872
2020-09-01,95.9669,141770,541302,7.8,230481
2020-10-01,96.7394,142460,539114,6.9,236338
2020-11-01,97.0816,142733,533941,6.7,237115
2020-12-01,98.3630,142548,538548,6.7,241814
2021-01-01,98.8822,142863,559230,6.4,249937
2021-02-01,95.6149,143380,544891,6.2,251426
2021-03-01,98.3856,144232,603581,6.1,253805
2021-04-01,98.5587,144587,608961,6.1,252613
2021-05-01,99.4333,145065,605282,5.8,253009
2021-06-01,99.7987,145820,611950,5.9,258284
2021-07-01,100.2519,146762,601817,5.4,259416
2021-08-01,100.0437,147314,605533,5.1,264287
2021-09-01,98.8579,147771,609671,4.7,259192
2021-10-01,100.1861,148572,618573,4.5,263534
2021-11-01,100.8654,149230,624874,4.1,268650
2021-12-01,100.5726,149816,619938,3.9,277487
2022-01-01,100.1856,150006,631509,4.0,280925
2022-02-01,100.8064,150825,638101,3.9,277036
2022-03-01,101.3907,151315,651027,3.7,277554
2022-04-01,101.4400,151623,660194,3.7,279157
2022-05-01,101.3335,151924,659847,3.6,278740
2022-06-01,101.0180,152358,666113,3.6,284763
2022-07-01,101.2230,153072,659550,3.5,284460
2022-08-01,101.0963,153362,663566,3.6,282368
2022-09-01,101.2918,153582,661854,3.5,282430
2022-10-01,101.2529,153939,668671,3.6,287071
2022-11-01,100.9552,154242,659458,3.6,279095
2022-12-01,99.7664,154342,651763,3.5,293358
2023-01-01,100.5050,154776,680253,3.5,288874
2023-02-01,100.6416,155066,672152,3.6,280693
2023-03-01,101.0205,155134,665071,3.5,289270
2023-04-01,101.2530,155375,670494,3.4,290168
2023-05-01,100.9286,155655,673902,3.6,289707
2023-06-01,100.1196,155880,677117,3.6,303971
2023-07-01,100.9067,156043,678424,3.5,293278
2023-08-01,100.8393,156261,684755,3.7,289128
2023-09-01,101.0211,156417,689403,3.7,298229
2023-10-01,100.4689,156576,686148,3.9,285976
2023-11-01,100.8639,156703,685328,3.7,298570
2023-12-01,100.6031,156857,686277,3.8,304324
2024-01-01,99.2223,157032,680456,3.7,280614
2024-02-01,100.2850,157238,685280,3.9,282623
2024-03-01,100.4575,157466,687641,3.9,287423
2024-04-01,100.2434,157530,687602,3.9,286972
2024-05-01,100.8630,157608,692774,3.9,286829
2024-06-01,100.8940,157695,692449,4.1,281128
2024-07-01,99.9757,157748,698835,4.2,293234
2024-08-01,100.4309,157757,697039,4.2,289926
2024-09-01,99.8084,157912,703055,4.1,292469
2024-10-01,99.4695,157945,708290,4.1,293266
2024-11-01,99.2925,158079,711853,4.2,288340
2024-12-01,100.3273,158316,717265,4.1,290559
2025-01-01,100.0647,158268,711260,4.0,291195
2025-02-01,101.0993,158310,711575,4.2,293985
2025-03-01,101.0404,158377,723339,4.2,316215
2025-04-01,101.1279,158485,722442,4.2,295229
2025-05-01,100.9655,158498,714568,4.3,344069
2025-06-01,101.4785,158478,723033,4.1,311761
2025-07-01,101.8940,158542,727727,4.3,303032
2025-08-01,101.6247,158472,731700,4.3,312138
2025-09-01,101.6680,158548,732192,4.4,314147
2025-10-01,101.2195,158408,731051,,307570
2025-11-01,101.0344,158449,734718,4.5,324305
2025-12-01,101.4941,158432,734717,4.4,321342
2026-01-01,101.1235,158592,734503,4.3,319975
2026-02-01,101.9493,158436,741278,4.4,316233
2026-03-01,101.6273,158650,754013,4.3,320485
2026-04-01,102.5090,158798,757036,4.3,347767
2026-05-01,102.6475,158927,763705,4.3,332218
2026-06-01,,158984,,4.2,
